epoch,lr-AdamW,step,train_loss_step
,0.001,0,
0,,9,0.7828674912452698
0,,19,0.5717257857322693
0,,29,0.5925388932228088
0,,39,0.47037526965141296
0,,49,0.4539400339126587
0,,59,0.41831377148628235
