{"_step":2,"train_loss_step":0.5543779134750366,"epoch":0,"_wandb":{"runtime":9},"_runtime":9,"lr-AdamW":0.001,"trainer/global_step":19,"_timestamp":1.7616892792607484e+09}