{"val_IoU_Pet":0.8390729427337646,"train_mIoU":0.8123753070831299,"trainer/global_step":38271,"val_IoU_Border":0.5369976162910461,"val_loss":0.19598181545734406,"lr-AdamW":0.0004848103258404751,"val_mIoU":0.7606312036514282,"train_loss_step":0.11704479902982712,"val_IoU_Background":0.9058231115341187,"_wandb":{"runtime":9320},"_runtime":9320,"val_Dice":0.8539472818374634,"_step":3982,"train_loss_epoch":0.12774567306041718,"_timestamp":1.761441808453458e+09,"epoch":51}