{"epoch":37,"val_Dice":0.8185701370239258,"train_mIoU":0.8351315259933472,"val_IoU_Border":0.46453356742858887,"val_loss":0.3604716956615448,"val_IoU_Pet":0.7938448786735535,"train_loss_step":0.1347947120666504,"_wandb":{"runtime":4848},"train_loss_epoch":0.12360318005084991,"lr-AdamW":0.0006988753713720732,"_step":2909,"val_mIoU":0.712843656539917,"trainer/global_step":27967,"val_IoU_Background":0.8801525235176086,"_timestamp":1.761416775413999e+09,"_runtime":4848}