{"val_IoU_Border":0.5177239775657654,"_runtime":10105,"trainer/global_step":58879,"epoch":79,"_step":6127,"val_loss":0.25982382893562317,"_wandb":{"runtime":10105},"val_mIoU":0.7509776949882507,"train_loss_step":0.2581954300403595,"train_loss_epoch":0.15606585144996643,"val_IoU_Background":0.9041347503662109,"train_mIoU":0.8107327818870544,"val_Dice":0.8465455174446106,"lr-AdamW":0.00010581757131834266,"_timestamp":1.7614268860303657e+09,"val_IoU_Pet":0.8310744166374207}