{"train_loss_step":0.5473052263259888,"_wandb":{"runtime":9},"_runtime":9,"_timestamp":1.7616920001343002e+09,"_step":2,"lr-AdamW":0.001,"trainer/global_step":19,"epoch":0}