{"epoch":0,"train_loss_step":0.48727792501449585,"_wandb":{"runtime":148},"_runtime":148,"lr-AdamW":0.001,"trainer/global_step":89,"_timestamp":1.7617879375329273e+09,"_step":9}