{"epoch":0,"_wandb":{"runtime":29},"_runtime":29,"_step":1,"lr-AdamW":0.001,"trainer/global_step":9,"_timestamp":1.7619150856069689e+09,"train_loss_step":0.5804556608200073}