{"_step":1989,"train_loss_epoch":0.1770903617143631,"_runtime":6286,"val_IoU_Background":0.899705708026886,"val_Dice":0.8403502702713013,"val_mIoU":0.7425103187561035,"_wandb":{"runtime":6286},"trainer/global_step":18399,"_timestamp":1.7613654344697971e+09,"val_IoU_Border":0.5048110485076904,"train_loss_step":0.2007293403148651,"epoch":49,"val_IoU_Pet":0.8230140805244446,"val_loss":0.25837886333465576,"train_mIoU":0.790132462978363,"lr-AdamW":1.9856491500783555e-06}