{"trainer/global_step":349,"_timestamp":1.7615989422025754e+09,"_step":35,"epoch":0,"train_loss_step":0.48907649517059326,"_wandb":{"runtime":108},"_runtime":108,"lr-AdamW":0.001}