{"train_loss_step":0.579666018486023,"_wandb":{"runtime":25},"_runtime":25,"trainer/global_step":9,"_timestamp":1.7618404418204947e+09,"_step":1,"lr-AdamW":0.001,"epoch":0}