{"val_loss":0.3024766743183136,"val_Dice":0.8276036977767944,"_timestamp":1.7614315045829039e+09,"_runtime":4613,"train_loss_epoch":0.09452713280916214,"lr-AdamW":0.000727268254619904,"train_loss_step":0.1004365086555481,"train_mIoU":0.8517129421234131,"val_IoU_Pet":0.791228175163269,"epoch":35,"val_IoU_Background":0.8826725482940674,"_wandb":{"runtime":4613},"val_IoU_Border":0.4944145679473877,"_step":2756,"val_mIoU":0.7227717638015747,"trainer/global_step":26495}