{"trainer/global_step":159,"_timestamp":1.7619148737106135e+09,"_step":16,"train_loss_step":0.7741208076477051,"epoch":0,"_wandb":{"runtime":197},"_runtime":197,"lr-AdamW":0.001}