{"lr-AdamW":0.000531863864504892,"val_Dice":0.8617839813232422,"_timestamp":1.761495566027268e+09,"train_loss_epoch":0.09199609607458115,"_step":5590,"train_loss_step":0.0838911235332489,"train_mIoU":0.8499150276184082,"_runtime":12902,"epoch":72,"val_loss":0.17132322490215302,"trainer/global_step":53727,"val_mIoU":0.7728747129440308,"_wandb":{"runtime":12902}}