epoch,lr-AdamW,step,train_loss_step
,0.001,0,
0,,9,0.7828674912452698
0,,19,0.5717257857322693
